{
  "mean_elevation": 2521.628099173554,
  "max_elevation": 2650.0,
  "min_elevation": 2367.0,
  "std_elevation": 76.76809902959864,
  "data_types_processed": [
    "dem"
  ],
  "target_crs": "EPSG:4326",
  "preprocessing_applied": {},
  "slope_analysis": {
    "mean_slope": 78.2831401064265,
    "max_slope": 89.99979585659308,
    "min_slope": 1.3340213222681154e-08,
    "std_slope": 30.284535090878247,
    "slope_distribution": {
      "nearly_level": {
        "pixel_count": 22,
        "area_percentage": 13.017751479289942,
        "min_slope": 0,
        "max_slope": 3
      },
      "gently_sloping": {
        "pixel_count": 0,
        "area_percentage": 0.0,
        "min_slope": 3,
        "max_slope": 8
      },
      "moderately_sloping": {
        "pixel_count": 0,
        "area_percentage": 0.0,
        "min_slope": 8,
        "max_slope": 15
      },
      "strongly_sloping": {
        "pixel_count": 0,
        "area_percentage": 0.0,
        "min_slope": 15,
        "max_slope": 25
      },
      "moderately_steep": {
        "pixel_count": 0,
        "area_percentage": 0.0,
        "min_slope": 25,
        "max_slope": 35
      },
      "steep": {
        "pixel_count": 0,
        "area_percentage": 0.0,
        "min_slope": 35,
        "max_slope": 50
      },
      "very_steep": {
        "pixel_count": 147,
        "area_percentage": 86.98224852071006,
        "min_slope": 50,
        "max_slope": 90
      }
    },
    "category_stats": {
      "1": {
        "name": "Flat (0-15\u00b0)",
        "area_percentage": 13.02,
        "pixel_count": 22
      },
      "2": {
        "name": "Moderate (15-30\u00b0)",
        "area_percentage": 0.0,
        "pixel_count": 0
      },
      "3": {
        "name": "Steep (30-50\u00b0)",
        "area_percentage": 0.0,
        "pixel_count": 0
      },
      "4": {
        "name": "Very Steep (50-70\u00b0)",
        "area_percentage": 0.0,
        "pixel_count": 0
      },
      "5": {
        "name": "Extremely Steep (>70\u00b0)",
        "area_percentage": 71.9,
        "pixel_count": 87
      }
    }
  },
  "flood_analysis": {
    "flood_risk_map": [
      [
        1.4000000000000001,
        1.4000000000000001,
        1.4000000000000001,
        1.4000000000000001,
        1.4000000000000001,
        1.4000000000000001,
        1.4000000000000001,
        1.4000000000000001,
        1.4000000000000001,
        2.2,
        1.4000000000000001,
        1.4000000000000001,
        1.4000000000000001,
        1.4000000000000001,
        1.4000000000000001
      ],
      [
        1.4000000000000001,
        1.4000000000000001,
        1.4000000000000001,
        1.4000000000000001,
        1.4000000000000001,
        1.4000000000000001,
        1.4000000000000001,
        1.4000000000000001,
        2.2,
        2.2,
        2.2,
        1.4000000000000001,
        1.4000000000000001,
        1.4000000000000001,
        1.4000000000000001
      ],
      [
        1.4000000000000001,
        1.4000000000000001,
        1.4000000000000001,
        1.4000000000000001,
        1.4000000000000001,
        1.4000000000000001,
        2.2,
        2.2,
        2.2,
        2.2,
        2.2,
        2.2,
        1.4000000000000001,
        1.4000000000000001,
        1.4000000000000001
      ],
      [
        1.4000000000000001,
        1.4000000000000001,
        1.4000000000000001,
        1.4000000000000001,
        1.4000000000000001,
        2.2,
        2.2,
        2.2,
        2.2,
        2.2,
        2.2,
        2.2,
        2.2,
        1.4000000000000001,
        1.4000000000000001
      ],
      [
        1.4000000000000001,
        1.4000000000000001,
        1.4000000000000001,
        1.4000000000000001,
        1.0,
        1.4000000000000001,
        2.2,
        2.2,
        2.2,
        2.2,
        2.2,
        2.2,
        2.2,
        2.2,
        1.4000000000000001
      ],
      [
        1.4000000000000001,
        1.4000000000000001,
        1.0,
        1.0,
        1.0,
        1.0,
        2.2,
        2.2,
        2.2,
        2.2,
        2.2,
        2.2,
        2.2,
        2.2,
        2.2
      ],
      [
        1.4000000000000001,
        1.0,
        1.0,
        1.0,
        1.0,
        1.0,
        1.8000000000000003,
        2.2,
        2.2,
        2.2,
        2.2,
        2.2,
        2.2,
        2.2,
        2.2
      ],
      [
        1.4000000000000001,
        1.0,
        1.0,
        1.0,
        1.0,
        1.0,
        1.0,
        1.0,
        2.2,
        2.2,
        2.2,
        2.2,
        2.2,
        2.2,
        2.2
      ],
      [
        1.4000000000000001,
        1.0,
        1.0,
        1.0,
        1.0,
        1.0,
        1.0,
        1.0,
        1.0,
        1.0,
        2.2,
        2.2,
        2.2,
        2.2,
        1.4000000000000001
      ],
      [
        1.4000000000000001,
        1.0,
        1.0,
        1.0,
        1.0,
        1.0,
        1.0,
        1.0,
        1.0,
        1.0,
        1.8000000000000003,
        2.2,
        2.2,
        1.4000000000000001,
        1.4000000000000001
      ],
      [
        1.4000000000000001,
        1.4000000000000001,
        1.0,
        1.0,
        1.0,
        1.0,
        1.0,
        1.0,
        1.0,
        1.0,
        1.0,
        1.4000000000000001,
        1.4000000000000001,
        1.4000000000000001,
        1.4000000000000001
      ],
      [
        1.4000000000000001,
        1.4000000000000001,
        1.0,
        1.0,
        1.0,
        1.0,
        1.0,
        1.0,
        1.0,
        1.4000000000000001,
        1.4000000000000001,
        1.4000000000000001,
        1.4000000000000001,
        1.4000000000000001,
        1.4000000000000001
      ],
      [
        1.4000000000000001,
        1.4000000000000001,
        1.0,
        1.0,
        1.0,
        1.0,
        1.0,
        1.4000000000000001,
        1.4000000000000001,
        1.4000000000000001,
        1.4000000000000001,
        1.4000000000000001,
        1.4000000000000001,
        1.4000000000000001,
        1.4000000000000001
      ],
      [
        1.4000000000000001,
        1.4000000000000001,
        1.0,
        1.0,
        1.0,
        1.0,
        1.4000000000000001,
        1.4000000000000001,
        1.4000000000000001,
        1.4000000000000001,
        1.4000000000000001,
        1.4000000000000001,
        1.4000000000000001,
        1.4000000000000001,
        1.4000000000000001
      ],
      [
        1.4000000000000001,
        1.4000000000000001,
        1.0,
        1.0,
        1.4000000000000001,
        1.4000000000000001,
        1.4000000000000001,
        1.4000000000000001,
        1.4000000000000001,
        1.4000000000000001,
        1.4000000000000001,
        1.4000000000000001,
        1.4000000000000001,
        1.4000000000000001,
        1.4000000000000001
      ]
    ],
    "risk_statistics": {
      "high_risk_area_percent": 0.0,
      "medium_risk_area_percent": 25.77777777777778,
      "low_risk_area_percent": 74.22222222222223,
      "high_risk_area_pixels": 0,
      "medium_risk_area_pixels": 58,
      "low_risk_area_pixels": 167,
      "mean_risk_score": 1.4924444444444445,
      "max_risk_score": 2.2
    },
    "risk_factors": {
      "elevation_risk": {
        "mean": 1.231111111111111,
        "high_risk_pixels": 58
      },
      "flow_accumulation_risk": {
        "mean": 1.0,
        "high_risk_pixels": 0
      },
      "drainage_proximity_risk": {
        "mean": 3.0,
        "high_risk_pixels": 225
      }
    },
    "recommendations": [
      "\u2705 LOW FLOOD RISK: Most areas are safe from flooding.",
      "Monitor drainage channels and maintain clear water flow paths.",
      "Consider elevation requirements for new construction."
    ]
  },
  "erosion_analysis": {
    "annual_soil_loss": {
      "mean": 1.8000000000000003,
      "max": 1.7999999999999998,
      "min": 1.7999999999999998,