{
  "mean_elevation": 2512.943396226415,
  "max_elevation": 2602.0,
  "min_elevation": 2433.0,
  "std_elevation": 44.69874638161889,
  "data_types_processed": [
    "dem"
  ],
  "target_crs": "EPSG:4326",
  "preprocessing_applied": {},
  "slope_analysis": {
    "mean_slope": 75.16341144404522,
    "max_slope": 89.9996149017135,
    "min_slope": 1.3340213222681154e-08,
    "std_slope": 33.39222196811906,
    "slope_distribution": {
      "nearly_level": {
        "pixel_count": 15,
        "area_percentage": 16.483516483516482,
        "min_slope": 0,
        "max_slope": 3
      },
      "gently_sloping": {
        "pixel_count": 0,
        "area_percentage": 0.0,
        "min_slope": 3,
        "max_slope": 8
      },
      "moderately_sloping": {
        "pixel_count": 0,
        "area_percentage": 0.0,
        "min_slope": 8,
        "max_slope": 15
      },
      "strongly_sloping": {
        "pixel_count": 0,
        "area_percentage": 0.0,
        "min_slope": 15,
        "max_slope": 25
      },
      "moderately_steep": {
        "pixel_count": 0,
        "area_percentage": 0.0,
        "min_slope": 25,
        "max_slope": 35
      },
      "steep": {
        "pixel_count": 0,
        "area_percentage": 0.0,
        "min_slope": 35,
        "max_slope": 50
      },
      "very_steep": {
        "pixel_count": 76,
        "area_percentage": 83.51648351648352,
        "min_slope": 50,
        "max_slope": 90
      }
    },
    "category_stats": {
      "1": {
        "name": "Flat (0-15\u00b0)",
        "area_percentage": 16.48,
        "pixel_count": 15
      },
      "2": {
        "name": "Moderate (15-30\u00b0)",
        "area_percentage": 0.0,
        "pixel_count": 0
      },
      "3": {
        "name": "Steep (30-50\u00b0)",
        "area_percentage": 0.0,
        "pixel_count": 0
      },
      "4": {
        "name": "Very Steep (50-70\u00b0)",
        "area_percentage": 0.0,
        "pixel_count": 0
      },
      "5": {
        "name": "Extremely Steep (>70\u00b0)",
        "area_percentage": 49.06,
        "pixel_count": 26
      }
    }
  },
  "flood_analysis": {
    "flood_risk_map": [
      [
        1.4000000000000001,
        1.4000000000000001,
        1.4000000000000001,
        1.4000000000000001,
        1.4000000000000001,
        1.4000000000000001,
        1.4000000000000001,
        1.4000000000000001,
        1.4000000000000001,
        1.4000000000000001,
        1.4000000000000001,
        1.4000000000000001,
        1.4000000000000001,
        1.4000000000000001,
        1.4000000000000001
      ],
      [
        1.4000000000000001,
        1.4000000000000001,
        1.4000000000000001,
        1.4000000000000001,
        1.4000000000000001,
        1.4000000000000001,
        2.2,
        2.2,
        2.2,
        1.4000000000000001,
        1.4000000000000001,
        1.4000000000000001,
        1.4000000000000001,
        1.4000000000000001,
        1.4000000000000001
      ],
      [
        1.4000000000000001,
        1.4000000000000001,
        1.4000000000000001,
        1.4000000000000001,
        1.4000000000000001,
        1.4000000000000001,
        2.2,
        2.2,
        2.2,
        2.2,
        1.4000000000000001,
        1.4000000000000001,
        1.4000000000000001,
        1.4000000000000001,
        1.4000000000000001
      ],
      [
        1.4000000000000001,
        1.4000000000000001,
        1.4000000000000001,
        1.4000000000000001,
        1.4000000000000001,
        1.0,
        2.2,
        2.2,
        2.2,
        2.2,
        2.2,
        2.2,
        1.4000000000000001,
        1.4000000000000001,
        1.4000000000000001
      ],
      [
        1.4000000000000001,
        1.4000000000000001,
        1.4000000000000001,
        1.4000000000000001,
        1.0,
        1.0,
        1.0,
        1.8000000000000003,
        2.2,
        2.2,
        2.2,
        2.2,
        2.2,
        1.4000000000000001,
        1.4000000000000001
      ],
      [
        1.4000000000000001,
        1.4000000000000001,
        1.4000000000000001,
        1.0,
        1.0,
        1.0,
        1.0,
        1.0,
        1.0,
        1.0,
        1.8000000000000003,
        2.2,
        2.2,
        2.2,
        2.2
      ],
      [
        1.4000000000000001,
        1.4000000000000001,
        1.4000000000000001,
        1.0,
        1.0,
        1.0,
        1.0,
        1.0,
        1.0,
        1.0,
        1.0,
        1.0,
        1.8000000000000003,
        1.4000000000000001,
        1.4000000000000001
      ],
      [
        1.4000000000000001,
        1.4000000000000001,
        1.0,
        1.0,
        1.0,
        1.0,
        1.0,
        1.0,
        1.4000000000000001,
        1.4000000000000001,
        1.4000000000000001,
        1.4000000000000001,
        1.4000000000000001,
        1.4000000000000001,
        1.4000000000000001
      ],
      [
        1.4000000000000001,
        1.0,
        1.0,
        1.4000000000000001,
        1.4000000000000001,
        1.4000000000000001,
        1.4000000000000001,
        1.4000000000000001,
        1.4000000000000001,
        1.4000000000000001,
        1.4000000000000001,
        1.4000000000000001,
        1.4000000000000001,
        1.4000000000000001,
        1.4000000000000001
      ]
    ],
    "risk_statistics": {
      "high_risk_area_percent": 0.0,
      "medium_risk_area_percent": 18.51851851851852,
      "low_risk_area_percent": 81.48148148148148,
      "high_risk_area_pixels": 0,
      "medium_risk_area_pixels": 25,
      "low_risk_area_pixels": 110,
      "mean_risk_score": 1.4562962962962969,
      "max_risk_score": 2.2
    },
    "risk_factors": {
      "elevation_risk": {
        "mean": 1.1407407407407408,
        "high_risk_pixels": 25
      },
      "flow_accumulation_risk": {
        "mean": 1.0,
        "high_risk_pixels": 0
      },
      "drainage_proximity_risk": {
        "mean": 3.0,
        "high_risk_pixels": 135
      }
    },
    "recommendations": [
      "\u2705 LOW FLOOD RISK: Most areas are safe from flooding.",
      "Monitor drainage channels and maintain clear water flow paths.",
      "Consider elevation requirements for new construction."
    ]
  },
  "erosion_analysis": {
    "annual_soil_loss": {
      "mean": 1.8,
      "max": 1.7999999999999998,
      "min": 1.7999999999999998,
      "std": 2.220446049250313e-16,
      "median": 1.7999999999999998
    },
    "erosion_risk_categories": {
      "high_erosion_percent": 0.0,
      "medium_erosion_percent": 0.0,
      "low_erosion_percent": 100.0
    },
    "usle_factors": {
      "R_factor": 200,
      "K_factor": 0.3,
      "LS_factor_mean": 0.10000000000000002,
      "C_factor": 0.3,
      "P_factor": 1.0
    },
    "recommendations": [
      "\u2705 LOW EROSION RISK: Soil loss is within acceptable limits.",
      "\u26a0\ufe0f 83.5% of area has slopes >30\u00b0 - requires special attention.",
      "Consider slope stabilization measures.",
      "Maintain vegetative cover to reduce erosion.",
      "Implement proper drainage to prevent water-induced erosion."
    ]
  },
  "water_availability": {
    "topographic_wetness_index": {
      "mean": 0.0,
      "max": 0.0,
      "min": 0.0,
      "std": 0.0
    },
    "distance_to_water": {
      "mean_meters": 0.002573294470186875,
      "min_meters": 0.0002777777777778146,
      "max_meters": 0.004623143604748734
    },
    "water_availability_score": {
      "mean": 0.2999992280116589,
      "max": 0.29999991666666664,
      "min": 0.29999861305691855,
      "classification": "Very Low - Poor water availability"
    },
    "flow_accumulation_stats": {
      "mean": 1.0,
      "max": 1.0
    }
  },
  "zoning_analysis": {
    "zoning_stats": {
      "1": {
        "name": "Water Body",
        "area_percentage": 0.0,
        "pixel_count": 0
      },
      "2": {
        "name": "Suitable for Development",
        "area_percentage": 0.0,
        "pixel_count": 0
      },