{
  "counts": {
    "0": {
      "pixels": 14577,
      "area_m2": 12061825.081293624
    },
    "1": {
      "pixels": 6742,
      "area_m2": 5578707.875288579
    },
    "2": {
      "pixels": 0,
      "area_m2": 0.0
    }
  },
  "percentages": {
    "low": 68.37562737464233,
    "medium": 31.624372625357662,
    "high": 0.0
  },
  "feature_names": [
    "slope"
  ],
  "water": {
    "area_percentage": 0.6718672498534518,
    "water_pixels": 149,
    "threshold_m": 5.0
  },
  "processing_timestamp": "2025-11-25T07:01:56.007168"
}