{
  "counts": {
    "0": {
      "pixels": 49588,
      "area_m2": 40692254.23362978
    },
    "1": {
      "pixels": 4411,
      "area_m2": 3619696.971536278
    },
    "2": {
      "pixels": 0,
      "area_m2": 0.0
    }
  },
  "percentages": {
    "low": 91.8313302098187,
    "medium": 8.1686697901813,
    "high": 0.0
  },
  "feature_names": [
    "slope"
  ],
  "water": {
    "area_percentage": 0.0,
    "water_pixels": 0,
    "threshold_m": 5.0
  },
  "processing_timestamp": "2025-11-25T12:17:34.996824"
}