{
  "counts": {
    "0": {
      "pixels": 12778,
      "area_m2": 10180147.382222166
    },
    "1": {
      "pixels": 714,
      "area_m2": 568839.0382615923
    },
    "2": {
      "pixels": 0,
      "area_m2": 0.0
    }
  },
  "percentages": {
    "low": 94.7079750963534,
    "medium": 5.292024903646605,
    "high": 0.0
  },
  "feature_names": [
    "slope"
  ],
  "water": {
    "area_percentage": 0.0,
    "water_pixels": 0,
    "threshold_m": 5.0
  },
  "processing_timestamp": "2025-12-01T18:58:29.862409"
}